<?xml version="1.0" encoding="UTF-8"?>
<plugin>
  <name>Azure AD SSO Plugin</name>
  <author>BangingHeads</author>
<!-- Feel free to include your github repo here -->
  <website>https://www.github.com/bangingheads/UserSpiceAzureAD</website>

<!-- the version of the plugin iteself -->
  <version>1.0.0</version>

<!-- release date of THIS version -->
  <release>November 30, 2022</release>

<!-- the last version of UserSpice you tested the plugin with -->
  <tested>5.4.5</tested>

<!-- What does your plugin do? -->
  <description>This plugin allows you to login via Microsoft Azure AD.</description>

  <!-- This is the launch button in the plugin manager. If it is blank or missing, Configure Plugin will show up. -->
    <button>Azure AD</button>
</plugin>
